/*
	UA
	Credits: ChimpanG
*/

-----------------------------------------------
-- MomentIllustrations
-----------------------------------------------

INSERT INTO MomentIllustrations
		(MomentIllustrationType,					MomentDataType,				GameDataType,					Texture									)
VALUES	('MOMENT_ILLUSTRATION_UNIQUE_DISTRICT',		'MOMENT_DATA_DISTRICT',		'DISTRICT_CVS_TAINO_UI',		'Moment_Infrastructure_CVS_Batey.dds'	),
		('MOMENT_ILLUSTRATION_UNIQUE_UNIT',			'MOMENT_DATA_UNIT',			'UNIT_CVS_TAINO_UU',			'Moment_UniqueUnit_CVS_Macana.dds'		),
		('MOMENT_ILLUSTRATION_UNIQUE_IMPROVEMENT',	'MOMENT_DATA_IMPROVEMENT',	'IMPROVEMENT_CVS_ANACAONA_UI',	'Moment_Infrastructure_CVS_Conuco.dds'	);

-----------------------------------------------
-- MutuallyExclusiveDistricts
-----------------------------------------------

INSERT INTO MutuallyExclusiveDistricts
		(District,					MutuallyExclusiveDistrict				)
VALUES	('DISTRICT_CVS_TAINO_UI',	'DISTRICT_WATER_ENTERTAINMENT_COMPLEX'	);

-----------------------------------------------
-- Types
-----------------------------------------------

DELETE FROM Types
WHERE Type LIKE 'MODTYPE_CVS_TAINO_UA_%';

INSERT INTO	Types
		(Type,													Kind				)
VALUES	('MODTYPE_CVS_TAINO_UA_ATTACH_MODIFIER',				'KIND_MODIFIER'		),
		
		('MODTYPE_CVS_TAINO_UA_CAPITAL_YIELD',					'KIND_MODIFIER'		),
		('MODTYPE_CVS_TAINO_UA_DISTRICT_YIELD',					'KIND_MODIFIER'		),
		('MODTYPE_CVS_TAINO_UA_BUILDING_YIELD',					'KIND_MODIFIER'		),
		
		('MODTYPE_CVS_TAINO_UA_CAPITAL_PRODUCTION_UNIT',		'KIND_MODIFIER'		),
		('MODTYPE_CVS_TAINO_UA_CAPITAL_PRODUCTION_BUILDING',	'KIND_MODIFIER'		),
		('MODTYPE_CVS_TAINO_UA_CAPITAL_PRODUCTION_DISTRICT',	'KIND_MODIFIER'		),
		('MODTYPE_CVS_TAINO_UA_CITY_PRODUCTION_UNIT',			'KIND_MODIFIER'		),
		('MODTYPE_CVS_TAINO_UA_CITY_PRODUCTION_BUILDING',		'KIND_MODIFIER'		),
		('MODTYPE_CVS_TAINO_UA_CITY_PRODUCTION_DISTRICT',		'KIND_MODIFIER'		);

-----------------------------------------------
-- TraitModifiers
-----------------------------------------------

DELETE FROM TraitModifiers
WHERE ModifierId LIKE 'MODIFIER_CVS_TAINO_UA_%';

INSERT INTO	TraitModifiers	
		(TraitType,							ModifierId											)
VALUES	('MINOR_CIV_SCIENTIFIC_TRAIT',		'MODIFIER_CVS_TAINO_UA_SCIENTIFIC_SMALL'			),
		('MINOR_CIV_SCIENTIFIC_TRAIT',		'MODIFIER_CVS_TAINO_UA_SCIENTIFIC_MEDIUM'			),
		('MINOR_CIV_SCIENTIFIC_TRAIT',		'MODIFIER_CVS_TAINO_UA_SCIENTIFIC_LARGE'			),
		
		('MINOR_CIV_RELIGIOUS_TRAIT',		'MODIFIER_CVS_TAINO_UA_RELIGIOUS_SMALL'				),
		('MINOR_CIV_RELIGIOUS_TRAIT',		'MODIFIER_CVS_TAINO_UA_RELIGIOUS_MEDIUM'			),
		('MINOR_CIV_RELIGIOUS_TRAIT',		'MODIFIER_CVS_TAINO_UA_RELIGIOUS_LARGE'				),
		
		('MINOR_CIV_TRADE_TRAIT',			'MODIFIER_CVS_TAINO_UA_TRADE_SMALL'					),
		('MINOR_CIV_TRADE_TRAIT',			'MODIFIER_CVS_TAINO_UA_TRADE_MEDIUM'				),
		('MINOR_CIV_TRADE_TRAIT',			'MODIFIER_CVS_TAINO_UA_TRADE_LARGE'					),
		
		('MINOR_CIV_CULTURAL_TRAIT',		'MODIFIER_CVS_TAINO_UA_CULTURAL_SMALL'				),
		('MINOR_CIV_CULTURAL_TRAIT',		'MODIFIER_CVS_TAINO_UA_CULTURAL_MEDIUM'				),
		('MINOR_CIV_CULTURAL_TRAIT',		'MODIFIER_CVS_TAINO_UA_CULTURAL_LARGE_1'			),
		('MINOR_CIV_CULTURAL_TRAIT',		'MODIFIER_CVS_TAINO_UA_CULTURAL_LARGE_2'			),
		
		('MINOR_CIV_MILITARISTIC_TRAIT',	'MODIFIER_CVS_TAINO_UA_MILITARISTIC_SMALL'			),
		('MINOR_CIV_MILITARISTIC_TRAIT',	'MODIFIER_CVS_TAINO_UA_MILITARISTIC_MEDIUM_1'		),
		('MINOR_CIV_MILITARISTIC_TRAIT',	'MODIFIER_CVS_TAINO_UA_MILITARISTIC_MEDIUM_2'		),
		('MINOR_CIV_MILITARISTIC_TRAIT',	'MODIFIER_CVS_TAINO_UA_MILITARISTIC_LARGE'			),
		
		('MINOR_CIV_INDUSTRIAL_TRAIT',		'MODIFIER_CVS_TAINO_UA_INDUSTRIAL_SMALL_BUILDING'	),
		('MINOR_CIV_INDUSTRIAL_TRAIT',		'MODIFIER_CVS_TAINO_UA_INDUSTRIAL_MEDIUM_BUILDING'	),
		('MINOR_CIV_INDUSTRIAL_TRAIT',		'MODIFIER_CVS_TAINO_UA_INDUSTRIAL_LARGE_BUILDING'	),
		
		('MINOR_CIV_INDUSTRIAL_TRAIT',		'MODIFIER_CVS_TAINO_UA_INDUSTRIAL_SMALL_DISTRICT'	),
		('MINOR_CIV_INDUSTRIAL_TRAIT',		'MODIFIER_CVS_TAINO_UA_INDUSTRIAL_MEDIUM_DISTRICT'	),
		('MINOR_CIV_INDUSTRIAL_TRAIT',		'MODIFIER_CVS_TAINO_UA_INDUSTRIAL_LARGE_DISTRICT'	);

-----------------------------------------------
-- DynamicModifiers
-----------------------------------------------

DELETE FROM DynamicModifiers
WHERE	ModifierType LIKE "MODTYPE_CVS_TAINO_UA_%";

INSERT INTO	DynamicModifiers
		(ModifierType,											CollectionType,						EffectType									)
VALUES	('MODTYPE_CVS_TAINO_UA_ATTACH_MODIFIER',				'COLLECTION_ALL_PLAYERS',			'EFFECT_ATTACH_MODIFIER'					),

		('MODTYPE_CVS_TAINO_UA_CAPITAL_YIELD',					'COLLECTION_PLAYER_CAPITAL_CITY',	'EFFECT_ADJUST_CITY_YIELD_CHANGE'			),
		('MODTYPE_CVS_TAINO_UA_BUILDING_YIELD',					'COLLECTION_PLAYER_DISTRICTS',		'EFFECT_ADJUST_BUILDING_YIELD_CHANGE'		),
		('MODTYPE_CVS_TAINO_UA_DISTRICT_YIELD',					'COLLECTION_PLAYER_DISTRICTS',		'EFFECT_ADJUST_DISTRICT_YIELD_CHANGE'		),
		
		('MODTYPE_CVS_TAINO_UA_CAPITAL_PRODUCTION_UNIT',		'COLLECTION_PLAYER_CAPITAL_CITY',	'EFFECT_ADJUST_CITY_PRODUCTION_UNIT'		),
		('MODTYPE_CVS_TAINO_UA_CAPITAL_PRODUCTION_BUILDING',	'COLLECTION_PLAYER_CAPITAL_CITY',	'EFFECT_ADJUST_CITY_PRODUCTION_BUILDING'	),
		('MODTYPE_CVS_TAINO_UA_CAPITAL_PRODUCTION_DISTRICT',	'COLLECTION_PLAYER_CAPITAL_CITY',	'EFFECT_ADJUST_CITY_PRODUCTION_DISTRICT'	),
		
		('MODTYPE_CVS_TAINO_UA_CITY_PRODUCTION_UNIT',			'COLLECTION_PLAYER_DISTRICTS',		'EFFECT_ADJUST_CITY_PRODUCTION_UNIT'		),
		('MODTYPE_CVS_TAINO_UA_CITY_PRODUCTION_BUILDING',		'COLLECTION_PLAYER_DISTRICTS',		'EFFECT_ADJUST_CITY_PRODUCTION_BUILDING'	),
		('MODTYPE_CVS_TAINO_UA_CITY_PRODUCTION_DISTRICT',		'COLLECTION_PLAYER_DISTRICTS',		'EFFECT_ADJUST_CITY_PRODUCTION_DISTRICT'	);		
		
-----------------------------------------------
-- Modifiers
-----------------------------------------------

DELETE FROM Modifiers
WHERE	ModifierId LIKE "MODIFIER_CVS_TAINO_UA_%";

INSERT INTO	Modifiers
		(ModifierId,													ModifierType,										SubjectRequirementSetId						)
VALUES	-- SCIENTIFIC
		('MODIFIER_CVS_TAINO_UA_SCIENTIFIC_SMALL',						'MODTYPE_CVS_TAINO_UA_ATTACH_MODIFIER',				'REQSET_CVS_TAINO_UA_SMALL_INFLUENCE'		),
		('MODIFIER_CVS_TAINO_UA_SCIENTIFIC_MEDIUM',						'MODTYPE_CVS_TAINO_UA_ATTACH_MODIFIER',				'REQSET_CVS_TAINO_UA_MEDIUM_INFLUENCE'		),
		('MODIFIER_CVS_TAINO_UA_SCIENTIFIC_LARGE',						'MODTYPE_CVS_TAINO_UA_ATTACH_MODIFIER',				'REQSET_CVS_TAINO_UA_LARGE_INFLUENCE'		),
		
		('MODIFIER_CVS_TAINO_UA_SCIENTIFIC_SMALL_CAPITAL',				'MODTYPE_CVS_TAINO_UA_CAPITAL_YIELD',				NULL										),
		('MODIFIER_CVS_TAINO_UA_SCIENTIFIC_MEDIUM_LIBRARY',				'MODTYPE_CVS_TAINO_UA_BUILDING_YIELD',				NULL										),
		('MODIFIER_CVS_TAINO_UA_SCIENTIFIC_LARGE_UNIVERSITY',			'MODTYPE_CVS_TAINO_UA_BUILDING_YIELD',				NULL										),
		
		-- CULTURAL
		('MODIFIER_CVS_TAINO_UA_CULTURAL_SMALL',						'MODTYPE_CVS_TAINO_UA_ATTACH_MODIFIER',				'REQSET_CVS_TAINO_UA_SMALL_INFLUENCE'		),
		('MODIFIER_CVS_TAINO_UA_CULTURAL_MEDIUM',						'MODTYPE_CVS_TAINO_UA_ATTACH_MODIFIER',				'REQSET_CVS_TAINO_UA_MEDIUM_INFLUENCE'		),
		('MODIFIER_CVS_TAINO_UA_CULTURAL_LARGE_1',						'MODTYPE_CVS_TAINO_UA_ATTACH_MODIFIER',				'REQSET_CVS_TAINO_UA_LARGE_INFLUENCE'		),
		('MODIFIER_CVS_TAINO_UA_CULTURAL_LARGE_2',						'MODTYPE_CVS_TAINO_UA_ATTACH_MODIFIER',				'REQSET_CVS_TAINO_UA_LARGE_INFLUENCE'		),
		
		('MODIFIER_CVS_TAINO_UA_CULTURAL_SMALL_CAPITAL',		 		'MODTYPE_CVS_TAINO_UA_CAPITAL_YIELD',				NULL										),
		('MODIFIER_CVS_TAINO_UA_CULTURAL_MEDIUM_AMPHITHEATER',			'MODTYPE_CVS_TAINO_UA_BUILDING_YIELD',				NULL										),
		('MODIFIER_CVS_TAINO_UA_CULTURAL_LARGE_MUSEUM_ART',				'MODTYPE_CVS_TAINO_UA_BUILDING_YIELD',				NULL										),
		('MODIFIER_CVS_TAINO_UA_CULTURAL_LARGE_MUSEUM_ARTIFACT',		'MODTYPE_CVS_TAINO_UA_BUILDING_YIELD',				NULL										),
		
		-- RELIGIOUS
		('MODIFIER_CVS_TAINO_UA_RELIGIOUS_SMALL',						'MODTYPE_CVS_TAINO_UA_ATTACH_MODIFIER',				'REQSET_CVS_TAINO_UA_SMALL_INFLUENCE'		),
		('MODIFIER_CVS_TAINO_UA_RELIGIOUS_MEDIUM',						'MODTYPE_CVS_TAINO_UA_ATTACH_MODIFIER',				'REQSET_CVS_TAINO_UA_MEDIUM_INFLUENCE'		),
		('MODIFIER_CVS_TAINO_UA_RELIGIOUS_LARGE',						'MODTYPE_CVS_TAINO_UA_ATTACH_MODIFIER',				'REQSET_CVS_TAINO_UA_LARGE_INFLUENCE'		),
		
		('MODIFIER_CVS_TAINO_UA_RELIGIOUS_SMALL_CAPITAL',				'MODTYPE_CVS_TAINO_UA_CAPITAL_YIELD',				NULL										),
		('MODIFIER_CVS_TAINO_UA_RELIGIOUS_MEDIUM_SHRINE',				'MODTYPE_CVS_TAINO_UA_BUILDING_YIELD',				NULL										),
		('MODIFIER_CVS_TAINO_UA_RELIGIOUS_LARGE_TEMPLE',				'MODTYPE_CVS_TAINO_UA_BUILDING_YIELD',				NULL										),
		
		-- TRADE
		('MODIFIER_CVS_TAINO_UA_TRADE_SMALL',							'MODTYPE_CVS_TAINO_UA_ATTACH_MODIFIER',				'REQSET_CVS_TAINO_UA_SMALL_INFLUENCE'		),
		('MODIFIER_CVS_TAINO_UA_TRADE_MEDIUM',							'MODTYPE_CVS_TAINO_UA_ATTACH_MODIFIER',				'REQSET_CVS_TAINO_UA_MEDIUM_INFLUENCE'		),
		('MODIFIER_CVS_TAINO_UA_TRADE_LARGE',							'MODTYPE_CVS_TAINO_UA_ATTACH_MODIFIER',				'REQSET_CVS_TAINO_UA_LARGE_INFLUENCE'		),
		
		('MODIFIER_CVS_TAINO_UA_TRADE_SMALL_CAPITAL',					'MODTYPE_CVS_TAINO_UA_CAPITAL_YIELD',				NULL										),
		('MODIFIER_CVS_TAINO_UA_TRADE_MEDIUM_MARKET',					'MODTYPE_CVS_TAINO_UA_BUILDING_YIELD',				NULL										),
		('MODIFIER_CVS_TAINO_UA_TRADE_LARGE_BANK',						'MODTYPE_CVS_TAINO_UA_BUILDING_YIELD',				NULL										),
		
		-- MILITARISTIC
		('MODIFIER_CVS_TAINO_UA_MILITARISTIC_SMALL',					'MODTYPE_CVS_TAINO_UA_ATTACH_MODIFIER',				'REQSET_CVS_TAINO_UA_SMALL_INFLUENCE'		),
		('MODIFIER_CVS_TAINO_UA_MILITARISTIC_MEDIUM_1',					'MODTYPE_CVS_TAINO_UA_ATTACH_MODIFIER',				'REQSET_CVS_TAINO_UA_MEDIUM_INFLUENCE'		),
		('MODIFIER_CVS_TAINO_UA_MILITARISTIC_MEDIUM_2',					'MODTYPE_CVS_TAINO_UA_ATTACH_MODIFIER',				'REQSET_CVS_TAINO_UA_MEDIUM_INFLUENCE'		),
		('MODIFIER_CVS_TAINO_UA_MILITARISTIC_LARGE',					'MODTYPE_CVS_TAINO_UA_ATTACH_MODIFIER',				'REQSET_CVS_TAINO_UA_LARGE_INFLUENCE'		),
		
		('MODIFIER_CVS_TAINO_UA_MILITARISTIC_SMALL_CAPITAL',			'MODTYPE_CVS_TAINO_UA_CAPITAL_PRODUCTION_UNIT',		NULL										),
		('MODIFIER_CVS_TAINO_UA_MILITARISTIC_MEDIUM_BARRACKS',			'MODTYPE_CVS_TAINO_UA_CITY_PRODUCTION_UNIT',		'REQSET_CVS_TAINO_UA_HAS_BARRACKS'			),
		('MODIFIER_CVS_TAINO_UA_MILITARISTIC_MEDIUM_STABLE',			'MODTYPE_CVS_TAINO_UA_CITY_PRODUCTION_UNIT',		'REQSET_CVS_TAINO_UA_HAS_STABLE'			),
		('MODIFIER_CVS_TAINO_UA_MILITARISTIC_LARGE_ARMORY',				'MODTYPE_CVS_TAINO_UA_CITY_PRODUCTION_UNIT',		'REQSET_CVS_TAINO_UA_HAS_ARMORY'			),
		
		-- INDUSTRIAL
		('MODIFIER_CVS_TAINO_UA_INDUSTRIAL_SMALL_BUILDING',				'MODTYPE_CVS_TAINO_UA_ATTACH_MODIFIER',				'REQSET_CVS_TAINO_UA_SMALL_INFLUENCE'		),
		('MODIFIER_CVS_TAINO_UA_INDUSTRIAL_MEDIUM_BUILDING',			'MODTYPE_CVS_TAINO_UA_ATTACH_MODIFIER',				'REQSET_CVS_TAINO_UA_MEDIUM_INFLUENCE'		),
		('MODIFIER_CVS_TAINO_UA_INDUSTRIAL_LARGE_BUILDING',				'MODTYPE_CVS_TAINO_UA_ATTACH_MODIFIER',				'REQSET_CVS_TAINO_UA_LARGE_INFLUENCE'		),
				
		('MODIFIER_CVS_TAINO_UA_INDUSTRIAL_SMALL_DISTRICT',				'MODTYPE_CVS_TAINO_UA_ATTACH_MODIFIER',				'REQSET_CVS_TAINO_UA_SMALL_INFLUENCE'		),
		('MODIFIER_CVS_TAINO_UA_INDUSTRIAL_MEDIUM_DISTRICT',			'MODTYPE_CVS_TAINO_UA_ATTACH_MODIFIER',				'REQSET_CVS_TAINO_UA_MEDIUM_INFLUENCE'		),
		('MODIFIER_CVS_TAINO_UA_INDUSTRIAL_LARGE_DISTRICT',				'MODTYPE_CVS_TAINO_UA_ATTACH_MODIFIER',				'REQSET_CVS_TAINO_UA_LARGE_INFLUENCE'		),
		
		('MODIFIER_CVS_TAINO_UA_INDUSTRIAL_SMALL_CAPITAL_BUILDING',		'MODTYPE_CVS_TAINO_UA_CAPITAL_PRODUCTION_BUILDING',	NULL										),
		('MODIFIER_CVS_TAINO_UA_INDUSTRIAL_MEDIUM_WORKSHOP_BUILDING',	'MODTYPE_CVS_TAINO_UA_CITY_PRODUCTION_BUILDING',	'REQSET_CVS_TAINO_UA_HAS_WORKSHOP'			),
		('MODIFIER_CVS_TAINO_UA_INDUSTRIAL_LARGE_FACTORY_BUILDING',		'MODTYPE_CVS_TAINO_UA_CITY_PRODUCTION_BUILDING',	'REQSET_CVS_TAINO_UA_HAS_FACTORY'			),
		
		('MODIFIER_CVS_TAINO_UA_INDUSTRIAL_SMALL_CAPITAL_DISTRICT',		'MODTYPE_CVS_TAINO_UA_CAPITAL_PRODUCTION_DISTRICT',	NULL										),
		('MODIFIER_CVS_TAINO_UA_INDUSTRIAL_MEDIUM_WORKSHOP_DISTRICT',	'MODTYPE_CVS_TAINO_UA_CITY_PRODUCTION_DISTRICT',	'REQSET_CVS_TAINO_UA_HAS_WORKSHOP'			),
		('MODIFIER_CVS_TAINO_UA_INDUSTRIAL_LARGE_FACTORY_DISTRICT',		'MODTYPE_CVS_TAINO_UA_CITY_PRODUCTION_DISTRICT',	'REQSET_CVS_TAINO_UA_HAS_FACTORY'			);

-----------------------------------------------
-- ModifierArguments
-----------------------------------------------

DELETE FROM ModifierArguments
WHERE ModifierId LIKE 'MODIFIER_CVS_TAINO_UA_%';

INSERT INTO	ModifierArguments
		(ModifierId,													Name,				Value										)
VALUES	-- SCIENTIFIC
		('MODIFIER_CVS_TAINO_UA_SCIENTIFIC_SMALL',						'ModifierId',		'MODIFIER_CVS_TAINO_UA_SCIENTIFIC_SMALL'	),
		('MODIFIER_CVS_TAINO_UA_SCIENTIFIC_MEDIUM',						'ModifierId',		'MODIFIER_CVS_TAINO_UA_SCIENTIFIC_MEDIUM'	),
		('MODIFIER_CVS_TAINO_UA_SCIENTIFIC_LARGE',						'ModifierId',		'MODIFIER_CVS_TAINO_UA_SCIENTIFIC_LARGE'	),
		
		('MODIFIER_CVS_TAINO_UA_SCIENTIFIC_SMALL_CAPITAL',				'YieldType',		'YIELD_SCIENCE'								),
		('MODIFIER_CVS_TAINO_UA_SCIENTIFIC_SMALL_CAPITAL',				'Amount',			2											),
		('MODIFIER_CVS_TAINO_UA_SCIENTIFIC_MEDIUM_LIBRARY',				'BuildingType',		'BUILDING_LIBRARY'							),
		('MODIFIER_CVS_TAINO_UA_SCIENTIFIC_MEDIUM_LIBRARY',				'YieldType',		'YIELD_SCIENCE'								),
		('MODIFIER_CVS_TAINO_UA_SCIENTIFIC_MEDIUM_LIBRARY',				'Amount',			2											),
		('MODIFIER_CVS_TAINO_UA_SCIENTIFIC_MEDIUM_LIBRARY',				'CityStatesOnly',	1											),
		('MODIFIER_CVS_TAINO_UA_SCIENTIFIC_LARGE_UNIVERSITY',			'BuildingType',		'BUILDING_UNIVERSITY'						),
		('MODIFIER_CVS_TAINO_UA_SCIENTIFIC_LARGE_UNIVERSITY',			'YieldType',		'YIELD_SCIENCE'								),
		('MODIFIER_CVS_TAINO_UA_SCIENTIFIC_LARGE_UNIVERSITY',			'Amount',			2											),
		('MODIFIER_CVS_TAINO_UA_SCIENTIFIC_LARGE_UNIVERSITY',			'CityStatesOnly',	1											),

		-- CULTURAL
		('MODIFIER_CVS_TAINO_UA_CULTURAL_SMALL',						'ModifierId',		'MODIFIER_CVS_TAINO_UA_CULTURAL_SMALL'		),
		('MODIFIER_CVS_TAINO_UA_CULTURAL_MEDIUM',						'ModifierId',		'MODIFIER_CVS_TAINO_UA_CULTURAL_MEDIUM'		),
		('MODIFIER_CVS_TAINO_UA_CULTURAL_LARGE_1',						'ModifierId',		'MODIFIER_CVS_TAINO_UA_CULTURAL_LARGE'		),
		('MODIFIER_CVS_TAINO_UA_CULTURAL_LARGE_2',						'ModifierId',		'MODIFIER_CVS_TAINO_UA_CULTURAL_LARGE'		),

		('MODIFIER_CVS_TAINO_UA_CULTURAL_SMALL_CAPITAL',				'YieldType',		'YIELD_CULTURE'								),
		('MODIFIER_CVS_TAINO_UA_CULTURAL_SMALL_CAPITAL',				'Amount',			2											),
		('MODIFIER_CVS_TAINO_UA_CULTURAL_MEDIUM_AMPHITHEATER',			'BuildingType',		'BUILDING_AMPHITHEATER'						),
		('MODIFIER_CVS_TAINO_UA_CULTURAL_MEDIUM_AMPHITHEATER',			'YieldType',		'YIELD_CULTURE'								),
		('MODIFIER_CVS_TAINO_UA_CULTURAL_MEDIUM_AMPHITHEATER',			'Amount',			2											),
		('MODIFIER_CVS_TAINO_UA_CULTURAL_MEDIUM_AMPHITHEATER',			'CityStatesOnly',	1											),
		('MODIFIER_CVS_TAINO_UA_CULTURAL_LARGE_MUSEUM_ART',				'BuildingType',		'BUILDING_MUSEUM_ART'						),
		('MODIFIER_CVS_TAINO_UA_CULTURAL_LARGE_MUSEUM_ART',				'YieldType',		'YIELD_CULTURE'								),
		('MODIFIER_CVS_TAINO_UA_CULTURAL_LARGE_MUSEUM_ART',				'Amount',			2											),
		('MODIFIER_CVS_TAINO_UA_CULTURAL_LARGE_MUSEUM_ART',				'CityStatesOnly',	1											),
		('MODIFIER_CVS_TAINO_UA_CULTURAL_LARGE_MUSEUM_ARTIFACT',		'BuildingType',		'BUILDING_MUSEUM_ARTIFACT'					),
		('MODIFIER_CVS_TAINO_UA_CULTURAL_LARGE_MUSEUM_ARTIFACT',		'YieldType',		'YIELD_CULTURE'								),
		('MODIFIER_CVS_TAINO_UA_CULTURAL_LARGE_MUSEUM_ARTIFACT',		'Amount',			2											),
		('MODIFIER_CVS_TAINO_UA_CULTURAL_LARGE_MUSEUM_ARTIFACT',		'CityStatesOnly',	1											),

		-- RELIGIOUS
		('MODIFIER_CVS_TAINO_UA_RELIGIOUS_SMALL',						'ModifierId',		'MODIFIER_CVS_TAINO_UA_RELIGIOUS_SMALL'		),
		('MODIFIER_CVS_TAINO_UA_RELIGIOUS_MEDIUM',						'ModifierId',		'MODIFIER_CVS_TAINO_UA_RELIGIOUS_MEDIUM'	),
		('MODIFIER_CVS_TAINO_UA_RELIGIOUS_LARGE',						'ModifierId',		'MODIFIER_CVS_TAINO_UA_RELIGIOUS_LARGE'		),
		
		('MODIFIER_CVS_TAINO_UA_RELIGIOUS_SMALL_CAPITAL',				'YieldType',		'YIELD_FAITH'								),
		('MODIFIER_CVS_TAINO_UA_RELIGIOUS_SMALL_CAPITAL',				'Amount',			2											),
		('MODIFIER_CVS_TAINO_UA_RELIGIOUS_MEDIUM_SHRINE',				'BuildingType',		'BUILDING_SHRINE'							),
		('MODIFIER_CVS_TAINO_UA_RELIGIOUS_MEDIUM_SHRINE',				'YieldType',		'YIELD_FAITH'								),
		('MODIFIER_CVS_TAINO_UA_RELIGIOUS_MEDIUM_SHRINE',				'Amount',			2											),
		('MODIFIER_CVS_TAINO_UA_RELIGIOUS_MEDIUM_SHRINE',				'CityStatesOnly',	1											),
		('MODIFIER_CVS_TAINO_UA_RELIGIOUS_LARGE_TEMPLE',				'BuildingType',		'BUILDING_TEMPLE'							),
		('MODIFIER_CVS_TAINO_UA_RELIGIOUS_LARGE_TEMPLE',				'YieldType',		'YIELD_FAITH'								),
		('MODIFIER_CVS_TAINO_UA_RELIGIOUS_LARGE_TEMPLE',				'Amount',			2											),
		('MODIFIER_CVS_TAINO_UA_RELIGIOUS_LARGE_TEMPLE',				'CityStatesOnly',	1											),

		-- TRADE
		('MODIFIER_CVS_TAINO_UA_TRADE_SMALL',							'ModifierId',		'MODIFIER_CVS_TAINO_UA_TRADE_SMALL'			),
		('MODIFIER_CVS_TAINO_UA_TRADE_MEDIUM',							'ModifierId',		'MODIFIER_CVS_TAINO_UA_TRADE_MEDIUM'		),
		('MODIFIER_CVS_TAINO_UA_TRADE_LARGE',							'ModifierId',		'MODIFIER_CVS_TAINO_UA_TRADE_LARGE'			),
		
		('MODIFIER_CVS_TAINO_UA_TRADE_SMALL_CAPITAL',					'YieldType',		'YIELD_GOLD'								),
		('MODIFIER_CVS_TAINO_UA_TRADE_SMALL_CAPITAL',					'Amount',			4											),
		('MODIFIER_CVS_TAINO_UA_TRADE_MEDIUM_MARKET',					'BuildingType',		'BUILDING_MARKET'							),
		('MODIFIER_CVS_TAINO_UA_TRADE_MEDIUM_MARKET',					'YieldType',		'YIELD_GOLD'								),
		('MODIFIER_CVS_TAINO_UA_TRADE_MEDIUM_MARKET',					'Amount',			4											),
		('MODIFIER_CVS_TAINO_UA_TRADE_MEDIUM_MARKET',					'CityStatesOnly',	1											),
		('MODIFIER_CVS_TAINO_UA_TRADE_LARGE_BANK',						'BuildingType',		'BUILDING_BANK'								),
		('MODIFIER_CVS_TAINO_UA_TRADE_LARGE_BANK',						'YieldType',		'YIELD_GOLD'								),
		('MODIFIER_CVS_TAINO_UA_TRADE_LARGE_BANK',						'Amount',			4											),
		('MODIFIER_CVS_TAINO_UA_TRADE_LARGE_BANK',						'CityStatesOnly',	1											),

		-- MILITARISTIC
		('MODIFIER_CVS_TAINO_UA_MILITARISTIC_SMALL',					'ModifierId',		'MODIFIER_CVS_TAINO_UA_MILITARISTIC_SMALL'	),
		('MODIFIER_CVS_TAINO_UA_MILITARISTIC_MEDIUM_1',					'ModifierId',		'MODIFIER_CVS_TAINO_UA_MILITARISTIC_MEDIUM'	),
		('MODIFIER_CVS_TAINO_UA_MILITARISTIC_MEDIUM_2',					'ModifierId',		'MODIFIER_CVS_TAINO_UA_MILITARISTIC_MEDIUM'	),
		('MODIFIER_CVS_TAINO_UA_MILITARISTIC_LARGE',					'ModifierId',		'MODIFIER_CVS_TAINO_UA_MILITARISTIC_LARGE'	),
		
		('MODIFIER_CVS_TAINO_UA_MILITARISTIC_SMALL_CAPITAL',			'Amount',			2											),
		('MODIFIER_CVS_TAINO_UA_MILITARISTIC_MEDIUM_BARRACKS',			'Amount',			2											),
		('MODIFIER_CVS_TAINO_UA_MILITARISTIC_MEDIUM_STABLE',			'Amount',			2											),
		('MODIFIER_CVS_TAINO_UA_MILITARISTIC_LARGE_ARMORY',				'Amount',			2											),

		-- INDUSTRIAL
		('MODIFIER_CVS_TAINO_UA_INDUSTRIAL_SMALL_BUILDING',				'ModifierId',		'MODIFIER_CVS_TAINO_UA_INDUSTRIAL_SMALL'	),
		('MODIFIER_CVS_TAINO_UA_INDUSTRIAL_MEDIUM_BUILDING',			'ModifierId',		'MODIFIER_CVS_TAINO_UA_INDUSTRIAL_MEDIUM'	),
		('MODIFIER_CVS_TAINO_UA_INDUSTRIAL_LARGE_BUILDING',				'ModifierId',		'MODIFIER_CVS_TAINO_UA_INDUSTRIAL_LARGE'	),
		
		('MODIFIER_CVS_TAINO_UA_INDUSTRIAL_SMALL_CAPITAL_BUILDING',		'Amount',			2											),
		('MODIFIER_CVS_TAINO_UA_INDUSTRIAL_MEDIUM_WORKSHOP_BUILDING',	'Amount',			2											),
		('MODIFIER_CVS_TAINO_UA_INDUSTRIAL_LARGE_FACTORY_BUILDING',		'Amount',			2											),
		
		('MODIFIER_CVS_TAINO_UA_INDUSTRIAL_SMALL_DISTRICT',				'ModifierId',		'MODIFIER_CVS_TAINO_UA_INDUSTRIAL_SMALL'	),
		('MODIFIER_CVS_TAINO_UA_INDUSTRIAL_MEDIUM_DISTRICT',			'ModifierId',		'MODIFIER_CVS_TAINO_UA_INDUSTRIAL_MEDIUM'	),
		('MODIFIER_CVS_TAINO_UA_INDUSTRIAL_LARGE_DISTRICT',				'ModifierId',		'MODIFIER_CVS_TAINO_UA_INDUSTRIAL_LARGE'	),
		
		('MODIFIER_CVS_TAINO_UA_INDUSTRIAL_SMALL_CAPITAL_DISTRICT',		'Amount',			2											),
		('MODIFIER_CVS_TAINO_UA_INDUSTRIAL_MEDIUM_WORKSHOP_DISTRICT',	'Amount',			2											),
		('MODIFIER_CVS_TAINO_UA_INDUSTRIAL_LARGE_FACTORY_DISTRICT',		'Amount',			2											);

-----------------------------------------------
-- RequirementSetRequirements
-----------------------------------------------

DELETE FROM RequirementSetRequirements
WHERE RequirementSetId LIKE 'REQSET_CVS_TAINO_UA_%';

INSERT INTO RequirementSetRequirements
		(RequirementSetId,							RequirementId							)
VALUES	('REQSET_CVS_TAINO_UA_IS_TAINO',			'REQ_CVS_TAINO_UA_IS_ANACAONA'			),
		-- SMALL
		('REQSET_CVS_TAINO_UA_SMALL_INFLUENCE',		'REQUIRES_PLAYER_HAS_SMALL_INFLUENCE'	),
		('REQSET_CVS_TAINO_UA_SMALL_INFLUENCE',		'REQUIRES_PLAYER_IS_SUZERAIN'			),
		('REQSET_CVS_TAINO_UA_SMALL_INFLUENCE',		'REQUIRES_PLAYER_AT_PEACE'				),
		('REQSET_CVS_TAINO_UA_SMALL_INFLUENCE',		'REQ_CVS_TAINO_UA_IS_TAINO'				),
		-- MEDIUM
		('REQSET_CVS_TAINO_UA_MEDIUM_INFLUENCE',	'REQUIRES_PLAYER_HAS_MEDIUM_INFLUENCE'	),
		('REQSET_CVS_TAINO_UA_MEDIUM_INFLUENCE',	'REQUIRES_PLAYER_IS_SUZERAIN'			),
		('REQSET_CVS_TAINO_UA_MEDIUM_INFLUENCE',	'REQUIRES_PLAYER_AT_PEACE'				),
		('REQSET_CVS_TAINO_UA_MEDIUM_INFLUENCE',	'REQ_CVS_TAINO_UA_IS_TAINO'				),
		-- LARGE
		('REQSET_CVS_TAINO_UA_LARGE_INFLUENCE',		'REQUIRES_PLAYER_HAS_LARGE_INFLUENCE'	),
		('REQSET_CVS_TAINO_UA_LARGE_INFLUENCE',		'REQUIRES_PLAYER_IS_SUZERAIN'			),
		('REQSET_CVS_TAINO_UA_LARGE_INFLUENCE',		'REQUIRES_PLAYER_AT_PEACE'				),
		('REQSET_CVS_TAINO_UA_LARGE_INFLUENCE',		'REQ_CVS_TAINO_UA_IS_TAINO'				),
		-- BUILDINGS
		('REQSET_CVS_TAINO_UA_HAS_BARRACKS',		'REQ_CVS_TAINO_UA_HAS_BARRACKS'			),
		('REQSET_CVS_TAINO_UA_HAS_STABLE',			'REQ_CVS_TAINO_UA_HAS_STABLE'			),
		('REQSET_CVS_TAINO_UA_HAS_ARMORY',			'REQ_CVS_TAINO_UA_HAS_ARMORY'			),
		('REQSET_CVS_TAINO_UA_HAS_WORKSHOP',		'REQ_CVS_TAINO_UA_HAS_WORKSHOP'			),
		('REQSET_CVS_TAINO_UA_HAS_FACTORY',			'REQ_CVS_TAINO_UA_HAS_FACTORY'			);

-----------------------------------------------
-- RequirementSets
-----------------------------------------------

DELETE FROM RequirementSets
WHERE RequirementSetId LIKE 'REQSET_CVS_TAINO_UA_%';

INSERT INTO RequirementSets
		(RequirementSetId,							RequirementSetType			)
VALUES	('REQSET_CVS_TAINO_UA_IS_TAINO',			'REQUIREMENTSET_TEST_ANY'	),

		('REQSET_CVS_TAINO_UA_SMALL_INFLUENCE',		'REQUIREMENTSET_TEST_ALL'	),
		('REQSET_CVS_TAINO_UA_MEDIUM_INFLUENCE',	'REQUIREMENTSET_TEST_ALL'	),
		('REQSET_CVS_TAINO_UA_LARGE_INFLUENCE',		'REQUIREMENTSET_TEST_ALL'	),

		('REQSET_CVS_TAINO_UA_HAS_BARRACKS',		'REQUIREMENTSET_TEST_ALL'	),
		('REQSET_CVS_TAINO_UA_HAS_STABLE',			'REQUIREMENTSET_TEST_ALL'	),
		('REQSET_CVS_TAINO_UA_HAS_ARMORY',			'REQUIREMENTSET_TEST_ALL'	),
		('REQSET_CVS_TAINO_UA_HAS_WORKSHOP',		'REQUIREMENTSET_TEST_ALL'	),
		('REQSET_CVS_TAINO_UA_HAS_FACTORY',			'REQUIREMENTSET_TEST_ALL'	);

-----------------------------------------------
-- Requirements
-----------------------------------------------

DELETE FROM Requirements
WHERE RequirementId LIKE 'REQ_CVS_TAINO_UA_%';

INSERT INTO Requirements
		(RequirementId,						RequirementType								)
VALUES	('REQ_CVS_TAINO_UA_IS_TAINO',		'REQUIREMENT_REQUIREMENTSET_IS_MET'			),
		('REQ_CVS_TAINO_UA_IS_ANACAONA',	'REQUIREMENT_PLAYER_LEADER_TYPE_MATCHES'	),

		('REQ_CVS_TAINO_UA_HAS_BARRACKS',	'REQUIREMENT_CITY_HAS_BUILDING'				),
		('REQ_CVS_TAINO_UA_HAS_STABLE',		'REQUIREMENT_CITY_HAS_BUILDING'				),
		('REQ_CVS_TAINO_UA_HAS_ARMORY',		'REQUIREMENT_CITY_HAS_BUILDING'				),
		('REQ_CVS_TAINO_UA_HAS_WORKSHOP',	'REQUIREMENT_CITY_HAS_BUILDING'				),
		('REQ_CVS_TAINO_UA_HAS_FACTORY',	'REQUIREMENT_CITY_HAS_BUILDING'				);

-----------------------------------------------
-- RequirementArguments
-----------------------------------------------

DELETE FROM RequirementArguments
WHERE RequirementId LIKE 'REQ_CVS_TAINO_UA_%';
		
INSERT INTO RequirementArguments
		(RequirementId,						Name,				Value							)
VALUES	('REQ_CVS_TAINO_UA_IS_TAINO',		'RequirementSetId',	'REQSET_CVS_TAINO_UA_IS_TAINO'	),
		('REQ_CVS_TAINO_UA_IS_ANACAONA',	'LeaderType',		'LEADER_CVS_ANACAONA'			),

		('REQ_CVS_TAINO_UA_HAS_BARRACKS',	'BuildingType',		'BUILDING_BARRACKS'				),
		('REQ_CVS_TAINO_UA_HAS_STABLE',		'BuildingType',		'BUILDING_STABLE'				),
		('REQ_CVS_TAINO_UA_HAS_ARMORY',		'BuildingType',		'BUILDING_ARMORY'				),
		('REQ_CVS_TAINO_UA_HAS_WORKSHOP',	'BuildingType',		'BUILDING_WORKSHOP'				),
		('REQ_CVS_TAINO_UA_HAS_FACTORY',	'BuildingType',		'BUILDING_FACTORY'				);

-----------------------------------------------
-- Support for Alternative Leaders
-- Copy the below and add your leader into the requirements to ensure that they get the Civ's UA applied to them
-----------------------------------------------
/*
INSERT INTO RequirementSetRequirements
		(RequirementSetId,					RequirementId						)
VALUES	('REQSET_CVS_TAINO_UA_IS_TAINO',	'REQ_CVS_TAINO_UA_IS_LEADERNAME'	);

INSERT INTO Requirements
		(RequirementId,						RequirementType								)
VALUES	('REQ_CVS_TAINO_UA_IS_LEADERNAME',	'REQUIREMENT_PLAYER_LEADER_TYPE_MATCHES'	);

INSERT INTO RequirementArguments
		(RequirementId,						Name,			Value				)
VALUES	('REQ_CVS_TAINO_UA_IS_LEADERNAME',	'LeaderType',	'LEADER_LEADERNAME'	);
*/